日期,开盘,最高,最低,收盘,成交量,股票代码,成交额
2023-08-04,57.58,64.54,55.38,55.43,17526698,,1023758656.0
2023-08-07,51.01,54.0,48.83,52.8,11524583,,584747840.0
2023-08-08,51.16,56.99,51.04,54.98,12184985,,659184896.0
2023-08-09,53.0,63.5,51.37,57.9,13993254,,773066048.0
2023-08-10,56.44,69.89,55.21,59.3,17886361,,1124639232.0
2023-08-11,55.68,57.68,53.0,53.51,13959576,,766178816.0
2023-08-14,52.0,52.49,49.88,50.01,9619130,,491216576.0
2023-08-15,49.92,51.5,49.35,50.71,7495867,,378542176.0
2023-08-16,50.3,52.2,50.18,50.38,6658227,,339551776.0
2023-08-17,50.0,50.0,47.23,49.26,6817391,,331732960.0
2023-08-18,48.8,52.49,48.7,51.1,9164871,,467642080.0
2023-08-21,50.69,52.0,49.5,49.8,5349967,,268869088.0
2023-08-22,49.5,50.15,45.8,47.19,6642964,,316414720.0
2023-08-23,46.8,46.88,44.88,44.88,4170104,,190732720.0
2023-08-24,44.94,44.95,42.7,43.95,3879285,,170683936.0
2023-08-25,43.57,43.67,41.23,41.23,3548248,,150306384.0
2023-08-28,44.9,44.9,41.95,41.95,4275841,,184867440.0
2023-08-29,41.72,45.15,41.55,45.13,4715885,,208316544.0
2023-08-30,45.62,46.8,45.22,45.67,3852816,,176717344.0
2023-08-31,45.71,46.66,45.4,46.21,2612611,,120298216.0
2023-09-01,45.99,46.79,45.61,46.12,2154645,,99540384.0
2023-09-04,46.38,47.47,45.3,47.13,2997045,,139449232.0
2023-09-05,46.8,47.5,46.19,47.5,3118512,,146402032.0
2023-09-06,47.5,48.28,46.42,46.55,3338764,,156990608.0
2023-09-07,46.72,47.2,45.48,45.63,2213138,,101899448.0
2023-09-08,46.2,47.13,45.86,46.45,2853285,,132812048.0
2023-09-11,45.78,46.5,45.23,45.76,1852958,,84676880.0
2023-09-12,45.61,46.5,45.2,46.14,1676304,,77135640.0
2023-09-13,45.91,46.0,44.26,44.43,2092389,,93824488.0
2023-09-14,44.57,44.72,43.17,43.43,1306563,,57142036.0
2023-09-15,43.48,44.69,43.46,44.18,1387419,,61241980.0
2023-09-18,44.11,45.3,43.61,44.86,1173054,,52531116.0
2023-09-19,45.03,45.2,44.02,44.04,917895,,40755032.0
2023-09-20,44.0,44.75,43.61,44.14,892614,,39517180.0
2023-09-21,44.13,44.45,43.02,43.04,1033473,,45008400.0
2023-09-22,43.14,45.43,42.86,44.74,1679158,,74546496.0
2023-09-25,44.88,45.05,44.2,44.31,904731,,40179744.0
2023-09-26,44.5,44.5,43.76,44.1,693203,,30582454.0
2023-09-27,44.3,44.69,43.53,44.11,994607,,44048576.0
2023-09-28,43.82,44.5,43.32,43.93,1092659,,47965640.0
2023-10-09,43.7,44.07,42.84,43.07,935737,,40569644.0
2023-10-10,43.2,43.38,42.3,42.5,957412,,40852264.0
2023-10-11,42.71,43.23,42.26,43.09,997424,,42793200.0
2023-10-12,42.71,43.25,42.6,43.01,818132,,35137860.0
2023-10-13,42.88,42.88,41.65,42.03,1100479,,46360252.0
2023-10-16,42.49,42.49,41.33,41.5,756886,,31627408.0
2023-10-17,41.5,41.7,40.75,41.13,828952,,34062064.0
2023-10-18,40.88,40.99,39.77,39.8,895310,,35818160.0
2023-10-19,39.63,40.86,39.5,40.13,896869,,36228728.0
2023-10-20,40.5,41.1,39.77,39.8,793115,,32007668.0
2023-10-23,39.63,39.8,38.21,38.55,824266,,31931510.0
2023-10-24,38.63,39.98,38.38,39.97,894254,,35256480.0
2023-10-25,40.22,40.97,40.01,40.54,981801,,39725312.0
2023-10-26,40.24,41.12,39.5,41.09,908954,,36786340.0
2023-10-27,40.64,42.0,40.46,41.53,1117198,,46117196.0
2023-10-30,41.3,41.77,41.0,41.34,1262078,,52338664.0
2023-10-31,41.26,41.64,40.76,40.92,884451,,36371240.0
2023-11-01,41.16,41.56,40.71,41.41,929193,,38389820.0
2023-11-02,41.44,41.59,40.33,40.33,700135,,28595208.0
2023-11-03,40.34,41.78,40.34,41.38,983118,,40688172.0
2023-11-06,41.57,42.44,41.57,42.23,977825,,41235180.0
2023-11-07,42.2,42.69,42.08,42.46,797994,,33817884.0
2023-11-08,42.2,42.63,42.08,42.5,989419,,41908784.0
2023-11-09,42.5,42.66,41.86,41.94,925895,,38988096.0
2023-11-10,41.92,44.27,41.46,42.51,3063910,,132090104.0
2023-11-13,42.75,43.15,42.33,42.61,1994200,,85033152.0
2023-11-14,42.8,42.88,42.05,42.49,1469668,,62337568.0
2023-11-15,42.77,43.17,42.3,43.0,1709050,,73166712.0
2023-11-16,43.0,43.01,42.06,42.1,1261071,,53486988.0
2023-11-17,41.94,42.8,41.9,42.76,1048671,,44540796.0
2023-11-20,42.99,43.23,42.48,43.17,1157362,,49674920.0
2023-11-21,43.1,43.33,42.42,42.51,1278520,,54704272.0
2023-11-22,42.54,42.7,41.66,41.72,958987,,40301612.0
2023-11-23,41.73,42.36,41.52,42.19,934095,,39277048.0
2023-11-24,42.06,42.1,40.77,41.01,1037042,,42735264.0
2023-11-27,40.9,41.34,40.65,40.73,677085,,27685642.0
2023-11-28,40.68,41.68,40.48,41.47,809378,,33426788.0
2023-11-29,41.37,41.75,40.86,40.95,603142,,24853000.0
2023-11-30,40.92,41.01,39.79,40.19,813401,,32734766.0
2023-12-01,40.4,40.42,39.7,40.01,554174,,22137288.0
2023-12-04,40.18,40.18,39.59,39.59,620349,,24705132.0
2023-12-05,39.52,39.78,38.88,38.92,733707,,28713688.0
2023-12-06,38.92,39.5,38.92,39.14,647171,,25382148.0
2023-12-07,39.14,39.38,38.38,38.86,835600,,32317854.0
2023-12-08,38.94,39.15,38.39,38.39,743200,,28745534.0
2023-12-11,38.28,38.72,37.87,38.61,614526,,23594258.0
2023-12-12,38.6,38.74,38.35,38.48,515725,,19869902.0
2023-12-13,38.48,38.54,37.98,38.12,575594,,21972548.0
2023-12-14,38.21,38.4,37.7,37.7,596900,,22695796.0
2023-12-15,37.82,38.02,37.5,37.56,494192,,18623882.0
2023-12-18,37.7,37.77,36.87,36.95,586509,,21834916.0
2023-12-19,36.87,37.45,36.75,37.3,420100,,15604190.0
2023-12-20,37.36,39.45,37.36,39.03,2846886,,109922072.0
2023-12-21,38.48,39.05,37.69,38.24,2185700,,83533008.0
2023-12-22,38.16,38.4,36.92,37.2,1814800,,68319816.0
2023-12-25,36.81,37.22,36.4,36.47,952415,,34961844.0
2023-12-26,36.41,36.51,35.99,36.1,698447,,25278108.0
2023-12-27,36.19,37.18,35.78,37.15,1146442,,42129412.0
2023-12-28,37.17,38.92,37.04,38.68,2071273,,79264632.0
2023-12-29,38.71,40.0,38.6,39.36,1798481,,70910752.0
2024-01-02,39.42,39.56,38.91,39.05,954900,,37337376.0
2024-01-03,39.05,39.05,37.97,38.31,905426,,34722916.0
2024-01-04,38.69,38.88,38.06,38.66,781140,,30134888.0
2024-01-05,38.85,40.4,38.68,39.2,2194571,,86945688.0
2024-01-08,39.15,40.1,38.89,39.24,1715500,,67590976.0
2024-01-09,39.13,40.1,38.7,39.09,1556907,,61371108.0
2024-01-10,38.96,39.4,37.97,38.41,1044500,,40354504.0
2024-01-11,38.27,39.5,38.2,39.5,1336972,,52112216.0
2024-01-12,39.59,39.99,39.03,39.04,1311200,,51875924.0
2024-01-15,38.8,39.14,38.03,39.01,1044582,,40324608.0
2024-01-16,39.21,39.21,38.11,38.8,1017100,,39184868.0
2024-01-17,38.8,38.81,37.6,37.62,831200,,31819204.0
2024-01-18,37.85,37.99,36.23,37.22,944800,,34914392.0
2024-01-19,37.2,37.47,36.17,36.3,990190,,36222360.0
2024-01-22,36.1,36.29,33.7,34.13,944965,,33184346.0
2024-01-23,34.1,34.69,33.35,34.21,1166897,,39737380.0
2024-01-24,34.1,34.75,32.81,34.0,959575,,32417122.0
2024-01-25,33.95,35.3,33.69,35.06,820600,,28338082.0
2024-01-26,34.99,35.53,34.2,34.27,871070,,30306606.0
2024-01-29,34.61,36.43,33.24,33.42,1873993,,64886520.0
2024-01-30,33.28,33.46,31.94,31.96,990003,,32352158.0
2024-01-31,31.92,32.16,30.42,30.42,947801,,29488866.0
2024-02-01,30.4,30.72,29.68,29.96,795725,,24007332.0
2024-02-02,29.96,33.45,29.81,31.39,2705823,,84725712.0
2024-02-05,30.68,30.8,26.36,26.89,2946465,,82923560.0
2024-02-06,26.89,29.88,25.53,28.5,2616772,,73640272.0
2024-02-07,28.52,28.71,27.43,27.58,1875741,,52592364.0
2024-02-08,27.69,31.39,27.45,30.31,1979100,,57855088.0
2024-02-19,30.34,31.74,30.34,31.15,2088848,,65388836.0
2024-02-20,30.8,31.66,30.52,31.36,1414198,,44149992.0
2024-02-21,31.29,32.34,31.04,31.6,1446933,,46091272.0
2024-02-22,31.89,32.28,31.65,32.0,1100668,,35165112.0
2024-02-23,32.28,34.89,31.9,33.68,2172196,,72740752.0
2024-02-26,33.81,34.29,33.22,33.9,1733866,,58613912.0
2024-02-27,33.7,34.72,33.58,34.7,1343827,,46151788.0
2024-02-28,34.88,35.78,32.01,32.12,2380473,,81917904.0
2024-02-29,32.13,33.22,32.0,33.2,1309721,,42979488.0
2024-03-01,33.37,35.68,33.23,34.73,2494531,,87041360.0
2024-03-04,34.55,34.9,33.66,34.41,1368780,,46800136.0
2024-03-05,34.33,34.37,33.36,33.4,956368,,32267352.0
2024-03-06,33.42,34.83,33.28,34.52,1623627,,55594356.0
2024-03-07,34.5,35.3,33.81,33.81,1129092,,38985808.0
2024-03-08,33.85,34.4,33.65,33.96,635270,,21616690.0
2024-03-11,33.82,34.63,33.82,34.61,792192,,27197332.0
2024-03-12,34.63,35.3,34.37,35.18,996869,,34828180.0
2024-03-13,35.02,35.5,34.93,35.15,757700,,26679270.0
2024-03-14,35.0,35.75,34.82,35.39,1601676,,56702124.0
2024-03-15,35.23,35.58,34.89,35.58,811785,,28646414.0
2024-03-18,35.65,36.25,35.4,36.2,1290391,,46308976.0
2024-03-19,36.17,36.41,35.76,35.79,873743,,31477480.0
2024-03-20,35.96,36.3,35.8,36.16,757687,,27338268.0
2024-03-21,36.15,36.5,35.4,36.02,1012783,,36511728.0
2024-03-22,35.85,36.13,34.7,35.26,1270090,,44869952.0
2024-03-25,35.0,35.31,34.25,34.25,757045,,26322972.0
2024-03-26,34.3,34.6,33.61,34.38,682595,,23278330.0
2024-03-27,34.22,34.35,33.1,33.1,832000,,28020458.0
2024-03-28,33.05,34.52,32.91,34.04,948370,,32179598.0
2024-03-29,34.04,34.4,33.66,34.35,634179,,21636392.0
2024-04-01,34.4,35.95,34.31,35.91,882623,,31295126.0
2024-04-02,35.91,36.1,35.62,35.77,625999,,22453968.0
2024-04-03,35.67,35.67,34.82,35.46,644859,,22759268.0
2024-04-08,35.41,35.5,34.3,34.32,695343,,24107732.0
2024-04-09,34.41,34.99,34.11,34.81,496810,,17207770.0
2024-04-10,34.79,35.71,34.56,34.79,850871,,29802310.0
2024-04-11,34.48,35.44,34.22,34.46,733487,,25539268.0
2024-04-12,34.41,34.98,34.41,34.59,563515,,19557466.0
2024-04-15,34.35,34.72,32.01,33.01,1184386,,39462308.0
2024-04-16,32.8,32.8,30.8,31.35,986014,,31041004.0
2024-04-17,31.61,33.27,31.61,33.24,963333,,31459406.0
2024-04-18,33.06,35.3,32.62,35.06,1961861,,67677144.0
2024-04-19,35.06,35.3,33.5,34.21,1314378,,44978736.0
2024-04-22,35.0,37.62,34.99,36.65,3665151,,133102272.0
2024-04-23,35.92,36.83,35.35,35.69,2124020,,76121904.0
2024-04-24,35.85,36.14,35.35,35.98,1311755,,46901008.0
2024-04-25,35.99,36.1,35.01,35.06,1209177,,42737124.0
2024-04-26,35.27,35.32,34.79,35.06,1691618,,59315544.0
2024-04-29,35.06,35.98,35.01,35.78,1653809,,58778608.0
2024-04-30,35.8,35.9,35.25,35.54,1029684,,36619156.0
2024-05-06,35.88,36.4,35.78,36.37,1349692,,48771096.0
2024-05-07,36.3,36.4,36.0,36.36,1209773,,43814332.0
2024-05-08,36.36,38.75,36.25,37.67,3776608,,142110048.0
2024-05-09,37.4,38.19,36.98,38.18,2298866,,86484880.0
2024-05-10,38.3,38.32,36.78,36.96,1896586,,70786832.0
2024-05-13,36.55,37.35,35.91,37.23,1310792,,48130572.0
2024-05-14,37.02,37.42,37.02,37.35,913500,,34001548.0
2024-05-15,37.21,37.3,36.36,36.39,828265,,30404980.0
2024-05-16,36.56,37.08,36.03,36.25,924996,,33912436.0
2024-05-17,36.29,37.67,36.1,37.63,1566375,,58057100.0
2024-05-20,37.61,39.62,37.25,38.68,2658107,,102156968.0
2024-05-21,38.08,38.6,37.7,38.04,1586235,,60355860.0
2024-05-22,37.8,38.2,37.7,37.9,1048859,,39758600.0
2024-05-23,37.63,38.43,37.2,37.27,1558753,,58991048.0
2024-05-24,37.0,37.76,37.0,37.01,858066,,32018008.0
2024-05-27,36.91,37.6,36.51,37.59,933033,,34674968.0
2024-05-28,37.21,38.3,37.16,38.28,1406579,,53240128.0
2024-05-29,38.29,38.83,38.09,38.56,1457279,,55999500.0
2024-05-30,38.49,38.49,37.82,37.92,1112580,,42476380.0
2024-05-31,37.91,38.67,37.91,38.67,1333576,,51098120.0
2024-06-03,38.81,39.5,38.45,39.49,2893418,,113376280.0
2024-06-04,36.62,36.9,35.09,35.42,2265107,,80710776.0
2024-06-05,35.55,35.55,34.0,34.0,1510316,,52295628.0
2024-06-06,33.91,34.43,32.58,33.42,1224075,,40733008.0
2024-06-07,33.42,34.18,33.26,33.73,706900,,23838042.0
2024-06-11,33.73,34.23,33.4,34.14,586772,,19854498.0
2024-06-12,34.07,34.43,34.0,34.33,583691,,20020344.0
2024-06-13,34.33,34.97,34.12,34.86,849943,,29402110.0
2024-06-14,34.88,35.06,34.5,34.98,609900,,21252776.0
2024-06-17,34.98,35.22,34.35,34.6,941233,,32728732.0
2024-06-18,34.58,34.85,34.42,34.78,500883,,17388554.0
2024-06-19,34.93,35.15,34.66,34.79,591499,,20643202.0
2024-06-20,35.01,35.05,34.02,34.02,669815,,23100142.0
2024-06-21,33.8,34.09,33.52,33.71,575029,,19452874.0
2024-06-24,33.7,33.7,31.81,31.81,1017128,,32917690.0
2024-06-25,31.92,32.6,31.92,32.52,649601,,21032650.0
2024-06-26,32.46,33.86,32.14,33.75,611139,,20268366.0
2024-06-27,33.78,34.39,33.64,33.8,692625,,23534040.0
2024-06-28,33.64,34.63,33.5,34.06,706296,,24167640.0
2024-07-01,33.98,34.17,33.22,33.59,499464,,16735183.0
2024-07-02,33.53,33.75,33.26,33.33,313141,,10462574.0
2024-07-03,33.28,33.3,32.73,32.87,399553,,13168433.0
2024-07-04,32.87,33.05,31.61,32.0,511443,,16433214.0
2024-07-05,32.0,32.97,31.5,32.65,554993,,17833198.0
2024-07-08,32.6,32.6,31.82,31.83,321500,,10326548.0
2024-07-09,31.83,32.78,31.45,32.66,539088,,17297498.0
2024-07-10,32.54,32.99,32.27,32.34,309991,,10097351.0
2024-07-11,32.7,33.43,32.7,33.35,572332,,19025258.0
2024-07-12,33.36,33.5,32.99,33.09,252571,,8376456.0
2024-07-15,33.23,33.35,32.67,32.7,304494,,10016056.0
2024-07-16,33.1,33.1,32.39,32.72,243300,,7944176.0
2024-07-17,32.76,33.02,32.43,33.02,346675,,11329517.0
2024-07-18,32.69,32.97,32.11,32.66,234646,,7604783.0
2024-07-19,32.75,33.45,32.37,33.03,533142,,17655240.0
2024-07-22,32.81,33.18,32.71,32.92,208400,,6859184.0
2024-07-23,32.91,33.1,32.14,32.14,321338,,10425780.0
2024-07-24,32.1,32.36,31.28,31.34,355937,,11295890.0
2024-07-25,31.32,31.83,31.01,31.52,288900,,9094528.0
2024-07-26,31.65,32.3,31.65,32.27,302853,,9689424.0
2024-07-29,32.23,32.29,31.42,31.58,435100,,13812120.0
2024-07-30,31.53,31.84,31.39,31.69,173100,,5474841.0
2024-07-31,31.65,32.5,31.59,32.31,679731,,21866310.0
2024-08-01,32.29,32.5,32.1,32.3,273500,,8830313.0
2024-08-02,32.2,32.25,31.51,31.71,450493,,14337020.0
2024-08-05,31.57,32.13,31.02,31.02,404140,,12724483.0
2024-08-06,31.0,31.57,31.0,31.44,314035,,9849302.0
2024-08-07,31.44,31.77,31.26,31.31,184500,,5793402.0
2024-08-08,31.26,31.93,31.06,31.82,467135,,14790457.0
2024-08-09,31.8,32.28,31.61,31.61,320357,,10212277.0
2024-08-12,31.56,32.32,31.55,32.13,410182,,13148538.0
2024-08-13,32.11,32.44,31.78,32.14,508828,,16345305.0
2024-08-14,32.14,32.35,31.61,32.3,515913,,16516068.0
2024-08-15,32.1,32.63,31.94,32.58,678049,,21989288.0
2024-08-16,32.54,33.05,32.47,32.55,436000,,14265925.0
2024-08-19,32.38,32.65,32.01,32.11,422039,,13599331.0
2024-08-20,32.11,32.43,31.44,31.62,358309,,11364039.0
2024-08-21,32.15,32.25,31.44,32.07,229937,,7331132.0
2024-08-22,32.01,32.1,31.39,31.5,229801,,7271755.0
2024-08-23,31.72,31.93,30.84,31.93,370795,,11591541.0
2024-08-26,31.93,32.08,31.21,32.03,229719,,7308682.5
2024-08-27,31.97,31.98,31.29,31.38,162494,,5128083.5
2024-08-28,31.38,32.0,31.18,31.82,229864,,7310319.0
2024-08-29,32.22,33.19,32.19,32.67,765174,,25019834.0
2024-08-30,32.6,33.0,32.52,32.54,780193,,25611370.0
2024-09-02,32.53,32.67,31.93,32.17,349768,,11273601.0
2024-09-03,32.17,32.51,31.87,32.28,211027,,6816662.5
2024-09-04,32.25,32.41,31.89,32.18,198897,,6385667.0
2024-09-05,32.01,32.36,32.01,32.1,162460,,5220935.0
2024-09-06,32.12,32.22,31.1,31.15,346206,,10913119.0
2024-09-09,31.19,31.23,30.7,30.88,198062,,6126488.0
2024-09-10,31.01,31.59,30.77,31.5,221477,,6925424.0
2024-09-11,31.47,31.65,31.24,31.5,125327,,3946292.25
2024-09-12,31.5,31.69,31.1,31.1,155660,,4876246.5
2024-09-13,31.6,31.6,30.41,30.42,287744,,8831365.0
2024-09-18,30.45,30.51,29.56,29.98,314523,,9454416.0
2024-09-19,29.98,30.48,29.87,30.35,271833,,8229437.0
2024-09-20,30.35,30.52,29.87,30.2,200510,,6048451.0
2024-09-23,30.2,30.5,30.11,30.18,130293,,3943526.75
2024-09-24,30.42,31.7,30.18,31.7,662612,,20561736.0
2024-09-25,31.72,32.41,31.42,31.45,852279,,27208180.0
2024-09-26,31.47,32.06,31.2,32.04,509800,,16161299.0
2024-09-27,32.29,33.73,32.21,33.4,1332343,,43887056.0
2024-09-30,34.36,38.58,33.86,38.55,3265853,,118206464.0
2024-10-08,44.32,44.98,39.33,41.55,4378609,,182836544.0
2024-10-09,40.08,40.11,36.87,37.3,2564750,,98147912.0
2024-10-10,37.65,38.5,37.2,37.48,1254243,,47328744.0
2024-10-11,37.39,37.82,35.6,35.85,992084,,36098760.0
2024-10-14,35.81,36.68,35.35,36.48,747114,,26966406.0
2024-10-15,36.47,36.98,35.82,35.82,711700,,25901992.0
2024-10-16,35.3,36.33,35.13,35.73,623835,,22365208.0
2024-10-17,35.92,36.43,35.69,35.8,598420,,21575388.0
2024-10-18,35.08,37.1,35.08,36.71,1092424,,39871608.0
2024-10-21,36.7,41.88,36.7,41.45,4610026,,184490560.0
2024-10-22,41.05,44.99,39.94,42.84,5183249,,220645344.0
2024-10-23,42.61,44.0,42.08,42.3,2612628,,112626344.0
2024-10-24,41.77,42.1,40.0,40.6,1786352,,73091088.0
2024-10-25,41.21,41.26,39.9,40.33,1448195,,58381488.0
2024-10-28,40.49,40.88,40.09,40.62,1233986,,49984164.0
2024-10-29,40.73,41.0,39.75,39.9,1403900,,56530012.0
2024-10-30,39.81,41.08,38.97,40.79,1565040,,62920708.0
2024-10-31,40.79,42.43,40.02,41.98,1925666,,79599032.0
2024-11-01,41.51,42.05,39.5,39.5,1280200,,51848188.0
2024-11-04,39.5,40.18,39.5,40.18,527929,,21093174.0
2024-11-05,40.99,42.05,40.45,42.0,1739465,,71691512.0
2024-11-06,42.34,43.51,41.7,43.19,2439231,,104498760.0
2024-11-07,43.09,43.77,42.26,43.48,1611162,,69354624.0
2024-11-08,43.7,45.89,42.84,44.71,2787026,,123632744.0
2024-11-11,44.5,45.75,44.03,45.04,1960546,,88170352.0
2024-11-12,44.99,48.12,44.58,45.88,2378931,,110913352.0
2024-11-13,45.66,45.88,43.78,44.41,1721634,,76768888.0
2024-11-14,44.41,44.76,42.91,43.0,1112900,,48680368.0
2024-11-15,42.68,44.18,42.62,43.19,953960,,41299768.0
2024-11-18,43.0,43.59,40.91,41.33,1007500,,42504580.0
2024-11-19,41.35,43.97,41.35,43.96,1075039,,45887368.0
2024-11-20,44.0,44.68,43.6,44.4,912500,,40317328.0
2024-11-21,44.3,46.4,44.18,45.88,1421496,,64679128.0
2024-11-22,45.8,46.19,43.02,43.03,1306677,,57695296.0
2024-11-25,42.93,45.49,42.93,44.92,1495251,,66469608.0
2024-11-26,45.0,45.38,44.44,44.85,909868,,40926124.0
2024-11-27,44.84,45.95,43.72,45.4,1095125,,49370040.0
2024-11-28,45.09,45.45,44.0,44.28,812800,,36428376.0
2024-11-29,44.23,45.67,43.85,44.78,882700,,39584972.0
2024-12-02,44.9,46.38,44.71,46.19,1337798,,60934384.0
2024-12-03,45.98,46.75,45.65,45.76,879620,,40495772.0
2024-12-04,46.05,46.07,44.68,44.81,982602,,44458720.0
2024-12-05,44.81,45.12,43.4,43.72,1371600,,60522184.0
2024-12-06,43.71,45.37,43.41,44.73,1312649,,58454644.0
2024-12-09,44.7,44.7,43.32,43.77,1101793,,48398880.0
2024-12-10,45.1,45.5,44.01,44.12,1162010,,52055688.0
2024-12-11,43.93,44.45,43.6,44.0,890000,,39167360.0
2024-12-12,43.97,44.25,43.56,43.97,717100,,31438312.0
2024-12-13,43.97,43.97,42.73,42.8,880300,,37958856.0
2024-12-16,43.5,43.68,42.61,42.94,663600,,28655246.0
2024-12-17,43.13,43.13,41.25,41.37,805700,,33781116.0
2024-12-18,41.37,41.78,40.84,41.57,491300,,20353396.0
2024-12-19,41.43,41.55,40.45,41.4,594220,,24412314.0
2024-12-20,41.49,42.39,41.31,42.0,617433,,25890058.0
2024-12-23,42.0,42.28,40.27,40.48,615600,,25230968.0
2024-12-24,40.84,41.55,40.43,41.13,419520,,17218116.0
2024-12-25,41.07,41.26,39.93,40.4,553900,,22381440.0
2024-12-26,40.4,41.15,40.18,40.54,500200,,20429232.0
2024-12-27,40.7,41.18,40.5,40.66,381300,,15585899.0
2024-12-30,40.48,40.91,39.79,40.35,321322,,12976894.0
2024-12-31,40.35,40.6,39.12,39.22,535700,,21324460.0
2025-01-02,39.22,39.84,38.11,38.49,536300,,20868470.0
2025-01-03,38.45,38.98,37.24,37.49,519239,,19771680.0
2025-01-06,37.47,37.72,35.24,37.34,442400,,16409313.0
2025-01-07,37.3,38.06,37.0,38.06,378840,,14266918.0
2025-01-08,38.03,38.18,36.78,37.85,400564,,15092617.0
2025-01-09,37.85,38.12,37.4,37.77,342900,,12970011.0
2025-01-10,37.85,38.21,36.7,36.73,422691,,15827763.0
2025-01-13,36.56,36.84,35.8,36.18,424489,,15344319.0
2025-01-14,36.49,37.68,36.18,37.68,480843,,17888014.0
2025-01-15,37.77,38.59,37.34,37.64,577944,,21791294.0
2025-01-16,37.64,38.35,37.2,37.64,446743,,16867432.0
2025-01-17,37.61,38.07,37.17,37.82,427425,,16094020.0
2025-01-20,38.02,38.89,37.89,38.63,532200,,20475856.0
2025-01-21,38.66,39.22,38.28,38.94,397200,,15402207.0
2025-01-22,38.94,38.96,38.31,38.49,259000,,9984310.0
2025-01-23,38.88,39.26,38.2,38.3,367400,,14233014.0
2025-01-24,38.39,38.58,37.83,38.28,408953,,15625150.0
2025-01-27,38.4,38.93,37.95,38.29,463676,,17824934.0
2025-02-05,38.29,38.5,37.9,38.13,378376,,14399761.0
2025-02-06,38.22,38.78,38.0,38.77,440917,,17009226.0
2025-02-07,38.8,39.54,38.73,39.2,511217,,20053716.0
2025-02-10,39.29,39.45,38.8,39.24,347375,,13580006.0
2025-02-11,39.24,39.89,39.08,39.66,485003,,19154936.0
2025-02-12,39.66,39.9,39.31,39.8,388900,,15394636.0
2025-02-13,39.78,39.93,38.95,39.01,451600,,17738896.0
2025-02-14,39.27,39.33,39.05,39.24,230800,,9046837.0
2025-02-17,39.16,39.8,39.0,39.66,391985,,15484466.0
2025-02-18,39.74,39.8,38.55,38.66,381885,,14955137.0
2025-02-19,38.64,39.15,38.57,38.77,663200,,25750386.0
2025-02-20,38.97,39.08,38.52,39.01,589377,,22854248.0
2025-02-21,39.0,39.22,38.77,39.19,859600,,33546080.0
2025-02-24,39.19,39.25,38.58,38.8,650500,,25250986.0
2025-02-25,38.43,39.29,38.43,38.95,586000,,22831600.0
2025-02-26,39.03,39.23,38.68,39.0,707349,,27546138.0
2025-02-27,38.99,39.45,38.33,39.45,1117174,,43547440.0
2025-02-28,39.58,41.5,38.65,39.3,2001700,,80043848.0
2025-03-03,39.3,41.88,39.3,41.14,2276190,,92537232.0
2025-03-04,40.6,40.73,40.02,40.39,1185300,,47810208.0
2025-03-05,40.17,40.72,40.07,40.46,637200,,25699960.0
2025-03-06,40.5,40.95,40.22,40.6,896374,,36354604.0
2025-03-07,40.55,41.68,40.22,40.86,1073595,,43997732.0
2025-03-10,40.87,41.55,40.11,41.12,711300,,29222560.0
2025-03-11,41.12,41.33,40.59,40.85,722087,,29541580.0
2025-03-12,40.98,41.8,40.88,41.2,858264,,35388344.0
2025-03-13,41.0,41.58,40.4,40.74,726000,,29640112.0
2025-03-14,40.6,41.05,40.12,40.99,776984,,31532642.0
2025-03-17,40.98,41.15,40.61,40.8,769864,,31387226.0
2025-03-18,40.95,41.86,40.85,41.35,1821074,,75364528.0
2025-03-19,41.09,41.65,39.86,40.0,2253993,,91489104.0
2025-03-20,40.0,40.53,39.83,39.92,1027134,,41223300.0
2025-03-21,39.87,40.29,39.28,39.5,726785,,28845350.0
2025-03-24,39.69,39.78,37.77,38.43,930200,,36019768.0
2025-03-25,38.43,39.13,38.42,38.76,667100,,25886712.0
2025-03-26,38.76,39.96,38.64,39.42,574500,,22653540.0
2025-03-27,39.42,39.48,38.62,39.42,451800,,17712288.0
2025-03-28,39.64,40.97,38.91,40.29,1561500,,62778160.0
2025-03-31,40.32,41.26,39.77,41.2,2177860,,88525192.0
2025-04-01,40.0,40.0,38.69,39.41,2321395,,91301312.0
2025-04-02,39.98,40.08,39.31,39.36,1179384,,46751808.0
2025-04-03,39.11,39.59,38.21,38.63,1129854,,43899316.0
2025-04-07,35.35,36.19,31.48,33.1,1998164,,66392128.0
2025-04-08,32.8,33.97,32.8,33.3,1065128,,35502432.0
2025-04-09,32.04,33.42,31.01,33.04,856500,,27861752.0
2025-04-10,33.79,34.58,33.79,33.97,874220,,29902310.0
2025-04-11,33.76,34.65,33.51,34.28,619600,,21218168.0
2025-04-14,34.68,35.21,34.4,35.06,538800,,18874812.0
2025-04-15,35.02,35.37,34.75,35.12,512500,,17933152.0
2025-04-16,35.28,35.34,34.18,34.74,467200,,16253812.0
2025-04-17,34.7,35.56,34.7,35.16,600500,,21166206.0
2025-04-18,35.12,36.36,35.12,36.27,840001,,30174346.0
2025-04-21,36.21,37.8,35.8,37.69,804600,,29950114.0
2025-04-22,37.61,37.94,37.02,37.63,571566,,21561210.0
2025-04-23,38.39,38.62,38.09,38.45,669023,,25680260.0
2025-04-24,39.43,39.76,38.45,38.48,986154,,38496804.0
2025-04-25,38.94,39.12,38.39,38.56,790300,,30541320.0
2025-04-28,38.86,38.97,37.99,38.63,1038000,,40106680.0
2025-04-29,36.64,36.88,36.0,36.82,896387,,32777878.0
2025-04-30,36.62,37.74,36.62,37.2,786700,,29434320.0
2025-05-06,37.69,38.05,37.17,38.01,1343900,,50781584.0
2025-05-07,38.28,38.75,37.85,38.44,1007800,,38606988.0
2025-05-08,38.4,38.84,38.15,38.6,779500,,30107764.0
2025-05-09,38.6,39.17,38.6,39.01,777800,,30372746.0
2025-05-12,38.99,39.25,38.67,38.8,754188,,29333836.0
2025-05-13,39.29,39.37,38.72,39.08,856040,,33393870.0
2025-05-14,38.82,39.24,38.71,38.71,507400,,19745194.0
2025-05-15,38.89,38.89,38.46,38.63,358600,,13860733.0
2025-05-16,38.83,39.12,38.6,38.8,523951,,20362576.0
2025-05-19,39.08,39.28,38.48,39.22,551911,,21525522.0
2025-05-20,39.22,40.2,39.0,39.92,899800,,35704884.0
2025-05-21,40.41,40.41,39.33,39.64,475847,,18882924.0
2025-05-22,39.71,40.08,38.85,38.88,527800,,20703628.0
2025-05-23,38.96,39.17,38.4,38.43,506500,,19643864.0
2025-05-26,38.4,39.22,38.24,38.85,464045,,17999360.0
2025-05-27,39.36,39.36,38.41,38.87,319900,,12412341.0
2025-05-28,38.87,39.27,38.5,38.71,567100,,22055552.0
2025-05-29,38.9,39.2,38.54,39.09,477662,,18637092.0
2025-05-30,39.05,39.09,38.51,38.63,400700,,15506636.0
2025-06-03,38.78,38.78,38.31,38.34,554200,,21323400.0
2025-06-04,38.5,38.98,38.31,38.48,497600,,19236882.0
2025-06-05,38.94,39.05,38.36,38.73,455700,,17652668.0
2025-06-06,38.92,39.21,38.59,39.18,466500,,18176402.0
2025-06-09,39.19,39.3,38.95,39.24,578700,,22633924.0
2025-06-10,39.19,39.56,38.6,38.98,450639,,17655686.0
2025-06-11,39.09,39.6,39.04,39.33,435839,,17180220.0
2025-06-12,39.46,39.6,39.2,39.27,342866,,13501222.0
2025-06-13,39.17,39.38,38.66,38.71,470100,,18311102.0
2025-06-16,38.9,39.18,38.45,38.95,522927,,20314926.0
2025-06-17,39.03,39.73,38.8,39.51,740118,,29109030.0
2025-06-18,39.5,40.16,39.21,40.07,1007968,,40181544.0
2025-06-19,40.09,40.35,39.02,39.17,635142,,25174232.0
2025-06-20,39.17,40.08,39.0,39.23,485947,,19230884.0
2025-06-23,39.66,39.66,38.75,39.4,470600,,18429888.0
2025-06-24,39.89,40.16,39.49,39.94,1189800,,47379868.0
2025-06-25,40.17,40.3,39.28,40.0,997946,,39678444.0
2025-06-26,39.98,40.36,39.71,40.0,793900,,31777060.0
2025-06-27,39.98,40.29,39.78,40.0,846100,,33851468.0
2025-06-30,40.0,41.09,40.0,40.81,1445420,,58903808.0
2025-07-01,40.81,41.28,40.35,40.65,1194705,,48599860.0
2025-07-02,40.66,40.75,40.03,40.3,1225620,,49427464.0
2025-07-03,40.3,41.87,40.03,41.26,1652200,,67822744.0
2025-07-04,41.29,41.3,40.36,40.5,980600,,39833088.0
2025-07-07,40.27,40.71,40.1,40.47,608700,,24560172.0
2025-07-08,40.4,41.06,40.22,40.72,805900,,32746142.0
2025-07-09,40.72,41.49,40.67,41.1,885257,,36454792.0
2025-07-10,41.12,41.13,40.75,41.0,714000,,29208282.0
2025-07-11,41.12,41.12,40.54,40.86,645700,,26345256.0
2025-07-14,40.77,41.1,40.61,40.81,757500,,30913220.0
2025-07-15,40.78,41.79,40.65,41.6,1453862,,60090560.0
2025-07-16,41.62,42.24,41.3,41.75,1047000,,43639348.0
2025-07-17,41.75,41.75,41.41,41.6,612260,,25444734.0
2025-07-18,41.68,41.85,41.12,41.48,672800,,27842272.0
2025-07-21,42.03,47.99,41.86,44.11,4850577,,218340672.0
2025-07-22,44.02,45.2,42.67,43.15,5256328,,228717904.0
2025-07-23,43.29,47.14,42.12,45.34,6028575,,265803168.0
2025-07-24,44.5,44.77,43.76,44.33,4059269,,179613584.0
2025-07-25,44.38,44.57,43.1,43.28,2539300,,110160704.0
2025-07-28,43.3,43.6,43.01,43.58,1798622,,77937192.0
2025-07-29,43.59,43.59,42.42,42.85,1724406,,73817496.0
2025-07-30,42.6,42.99,42.18,42.66,1327803,,56482908.0
2025-07-31,42.69,42.9,41.72,41.79,1363730,,57642780.0
2025-08-01,41.78,42.36,41.58,42.18,1110923,,46596744.0
2025-08-04,41.81,42.76,41.77,42.5,1785230,,75692656.0
2025-08-05,42.48,42.83,42.3,42.56,1209505,,51510176.0
2025-08-06,42.56,42.72,42.18,42.69,1278918,,54233044.0
2025-08-07,42.52,43.01,42.5,42.76,1242210,,53053076.0
2025-08-08,42.79,43.49,42.57,43.21,1572564,,67743656.0
2025-08-11,43.22,44.97,42.98,44.08,2253730,,99153664.0
2025-08-12,44.02,44.41,43.61,44.0,1312220,,57625832.0
2025-08-13,44.11,44.59,43.8,44.3,1508200,,66699044.0
2025-08-14,44.48,44.48,43.24,43.28,1540900,,67341656.0
2025-08-15,43.15,43.78,43.15,43.54,1214095,,52879500.0
2025-08-18,43.33,43.94,43.07,43.7,1593440,,69453488.0
2025-08-19,43.8,44.93,43.53,44.12,1746320,,77340968.0
2025-08-20,43.88,44.8,43.68,44.79,1552920,,69094464.0
2025-08-21,44.74,45.89,44.36,45.38,1829433,,82893928.0
2025-08-22,45.11,45.29,44.75,44.85,1551724,,69712704.0
2025-08-25,45.5,49.17,45.5,48.97,4747682,,226919472.0
2025-08-26,48.65,50.44,47.58,49.37,3976401,,196015360.0
2025-08-27,50.28,53.3,49.51,49.59,4713905,,241560736.0
2025-08-28,48.99,52.44,47.99,50.75,4925707,,247310000.0
2025-08-29,51.23,53.2,49.61,52.08,5453336,,279719488.0
2025-09-01,53.1,53.35,49.23,50.65,4940769,,249289184.0
2025-09-02,50.15,51.09,48.07,50.35,3443255,,170784080.0
2025-09-03,50.06,54.58,47.98,48.52,7071312,,361292960.0
2025-09-04,48.03,48.04,44.82,45.53,4030897,,187281424.0
2025-09-05,45.3,46.09,44.77,45.39,2091459,,94399432.0
2025-09-08,45.39,45.41,44.07,45.22,1821362,,81610144.0
2025-09-09,45.22,45.22,43.75,44.01,1758050,,78039040.0
2025-09-10,43.99,44.19,42.93,43.47,1721241,,74852704.0
2025-09-11,43.21,43.93,42.69,43.73,1282664,,55785788.0
2025-09-12,43.72,43.89,42.85,42.99,1577964,,68206504.0
2025-09-15,43.1,43.16,42.42,42.58,1201807,,51213036.0
2025-09-16,42.5,44.35,42.31,44.04,1980400,,86255344.0
2025-09-17,44.05,45.33,43.8,44.9,1939200,,86891928.0
2025-09-18,44.9,45.33,43.7,44.48,2036500,,90876672.0
2025-09-19,44.14,44.51,43.48,43.61,977464,,42884576.0
2025-09-22,43.76,45.1,43.64,44.33,1275600,,56644180.0
2025-09-23,43.82,44.33,42.38,43.3,1393200,,60009288.0
2025-09-24,43.26,44.32,42.55,44.1,1263100,,55225820.0
2025-09-25,44.18,44.34,43.25,43.31,960300,,41976852.0
2025-09-26,43.39,43.55,42.59,42.6,925400,,39694512.0
2025-09-29,42.95,44.3,42.38,44.28,1439000,,62980688.0
2025-09-30,43.92,44.2,42.0,42.11,1834800,,78514976.0
2025-10-09,42.38,42.91,42.06,42.5,954779,,40617160.0
2025-10-10,42.35,43.75,42.3,42.68,938600,,40404340.0
2025-10-13,41.6,42.78,40.41,42.73,1110500,,46723960.0
2025-10-14,42.72,43.38,42.43,43.24,1156700,,49659808.0
2025-10-15,42.93,44.39,42.83,44.35,1551512,,67969680.0
2025-10-16,44.5,44.68,43.35,43.54,788188,,34547796.0
2025-10-17,43.57,44.0,42.27,42.34,969006,,41987388.0
2025-10-20,42.86,43.0,42.0,42.36,564324,,23896010.0
2025-10-21,42.63,42.94,42.43,42.88,451600,,19290932.0
2025-10-22,42.88,43.15,42.25,42.34,492100,,20986400.0
2025-10-23,42.29,42.69,42.03,42.62,480700,,20348122.0
2025-10-24,42.75,42.87,42.32,42.48,492700,,21002240.0
2025-10-27,42.69,42.98,42.13,42.78,672348,,28648516.0
2025-10-28,42.64,43.13,42.62,42.8,530220,,22733700.0
2025-10-29,42.79,43.34,42.46,43.19,532193,,22894218.0
2025-10-30,43.19,44.12,42.81,43.65,1090593,,47452596.0
2025-10-31,43.33,44.39,43.33,44.25,1034620,,45572056.0
2025-11-03,44.35,44.58,43.42,43.51,1108526,,48666908.0
2025-11-04,43.47,43.49,42.36,42.81,692422,,29650438.0
2025-11-05,42.88,43.37,42.57,43.12,603100,,25915722.0
2025-11-06,43.01,43.45,42.92,43.09,509500,,22005748.0
2025-11-07,43.09,43.1,42.68,42.73,408163,,17498290.0
2025-11-10,42.97,42.97,42.41,42.47,557866,,23774328.0
2025-11-11,42.42,42.59,41.9,42.1,532923,,22515874.0
2025-11-12,42.18,42.26,41.76,41.82,432221,,18142690.0
2025-11-13,41.98,42.33,41.7,42.27,445860,,18716394.0
2025-11-14,42.56,42.88,42.14,42.64,526105,,22399700.0
2025-11-17,42.6,43.0,42.14,42.82,583788,,24820872.0
2025-11-18,42.97,42.98,42.37,42.83,454102,,19408422.0
2025-11-19,42.79,42.95,41.71,41.73,507563,,21485668.0
2025-11-20,42.0,42.37,41.68,42.26,487100,,20456392.0
2025-11-21,42.27,42.3,40.48,41.52,834436,,34390736.0
2025-11-24,41.52,42.16,41.2,41.82,497300,,20716536.0
2025-11-25,41.82,42.36,41.63,42.3,631783,,26559168.0
2025-11-26,42.29,42.6,41.45,41.5,985531,,41416172.0
2025-11-27,41.42,42.1,40.97,42.0,897932,,37206004.0
2025-11-28,42.45,42.45,41.03,41.52,1690243,,70459152.0
2025-12-01,41.34,41.68,41.21,41.34,793427,,32861696.0
2025-12-02,41.32,41.32,40.61,40.8,634294,,25927446.0
2025-12-03,40.9,41.15,40.6,40.64,320400,,13080659.0
2025-12-04,40.5,40.63,39.69,40.1,425300,,17046240.0
2025-12-05,40.58,40.98,39.88,40.9,473500,,19243268.0
2025-12-08,40.99,42.0,40.9,41.23,549227,,22809170.0
2025-12-09,41.3,41.78,41.06,41.09,358914,,14854559.0
2025-12-10,41.25,41.65,41.0,41.44,291431,,12081878.0
2025-12-11,41.7,41.74,40.48,40.5,367100,,15015472.0
2025-12-12,40.48,40.95,40.32,40.55,225721,,9185675.0
2025-12-15,40.51,41.12,40.35,40.6,177800,,7242567.0
2025-12-16,40.5,40.6,39.87,39.87,273200,,10947939.0
2025-12-17,39.74,40.1,39.23,39.83,398100,,15775444.0
2025-12-18,39.83,40.67,39.79,40.5,445439,,17983758.0
2025-12-19,40.5,41.14,40.5,41.0,284100,,11629312.0
2025-12-22,41.0,41.41,40.86,40.91,336400,,13835117.0
2025-12-23,41.11,41.19,40.67,40.94,391001,,15977652.0
2025-12-24,41.4,41.4,40.56,41.16,410300,,16854560.0
2025-12-25,41.29,41.49,40.84,41.28,305500,,12614808.0
2025-12-26,41.37,41.99,41.27,41.37,557633,,23197276.0
2025-12-29,41.37,41.9,41.3,41.67,514200,,21432426.0
2025-12-30,41.43,41.83,41.25,41.4,346400,,14388790.0
2025-12-31,41.8,41.8,41.11,41.59,392758,,16267363.0
2026-01-05,41.6,42.15,41.6,41.98,564000,,23675720.0
2026-01-06,42.4,42.4,41.82,41.89,593100,,24909588.0
2026-01-07,41.9,42.36,41.68,42.27,653200,,27430604.0
2026-01-08,42.26,43.6,41.84,42.85,1061967,,45440044.0
2026-01-09,42.8,43.01,42.43,42.86,738181,,31535770.0
2026-01-12,42.88,43.5,42.6,43.43,937435,,40330896.0
2026-01-13,43.48,45.68,43.14,44.88,2562047,,114321800.0
2026-01-14,45.41,45.56,43.8,45.03,1896300,,84922328.0
2026-01-15,44.8,46.8,44.6,44.93,1367400,,62173880.0
2026-01-16,45.38,45.38,44.4,44.98,1087200,,48754584.0
